record,scheme,region,sequence,length
PDL1_final_candidate,imgt,FR1,EVQLVESGGGLVQPGGSLRLSCAAS,25
PDL1_final_candidate,imgt,CDR1,GFDFRATY,8
PDL1_final_candidate,imgt,FR2,IHWVRQAPGKGLEWVAR,17
PDL1_final_candidate,imgt,CDR2,IHPATGET,8
PDL1_final_candidate,imgt,FR3,RYADSVKGRFTISADTSKNTAYLQMNSLRAEDTAVYYC,38
PDL1_final_candidate,imgt,CDR3,SRNPLRNSV,9
PDL1_final_candidate,imgt,FR4,WGQGTLVTVSS,11
PDL1_final_candidate,kabat,FR1,EVQLVESGGGLVQPGGSLRLSCAASGFDFR,30
PDL1_final_candidate,kabat,CDR1,ATYIH,5
PDL1_final_candidate,kabat,FR2,WVRQAPGKGLEWVA,14
PDL1_final_candidate,kabat,CDR2,RIHPATGETRYADSVKG,17
PDL1_final_candidate,kabat,FR3,RFTISADTSKNTAYLQMNSLRAEDTAVYYCSR,32
PDL1_final_candidate,kabat,CDR3,NPLRNSV,7
PDL1_final_candidate,kabat,FR4,WGQGTLVTVSS,11
PDL1_final_candidate,chothia,FR1,EVQLVESGGGLVQPGGSLRLSCAAS,25
PDL1_final_candidate,chothia,CDR1,GFDFRAT,7
PDL1_final_candidate,chothia,FR2,YIHWVRQAPGKGLEWVARI,19
PDL1_final_candidate,chothia,CDR2,HPATGE,6
PDL1_final_candidate,chothia,FR3,TRYADSVKGRFTISADTSKNTAYLQMNSLRAEDTAVYYCSR,41
PDL1_final_candidate,chothia,CDR3,NPLRNSV,7
PDL1_final_candidate,chothia,FR4,WGQGTLVTVSS,11
