record,scheme,liability_type,motif,start,end,region,in_cdr,severity,rationale,suggested_action
PDL1_final_candidate,imgt,Asn deamidation motif,NT,77,78,FR3,False,low,"NG, NS, NT, and NH motifs can be deamidation-prone depending on structure and solvent exposure.",Review structural exposure; consider N->Q or local conservative substitutions if not binding-critical.
PDL1_final_candidate,imgt,Asn deamidation motif,NS,84,85,FR3,False,low,"NG, NS, NT, and NH motifs can be deamidation-prone depending on structure and solvent exposure.",Review structural exposure; consider N->Q or local conservative substitutions if not binding-critical.
PDL1_final_candidate,imgt,Asn deamidation motif,NS,103,104,CDR3,True,medium,"NG, NS, NT, and NH motifs can be deamidation-prone depending on structure and solvent exposure.",Review structural exposure; consider N->Q or local conservative substitutions if not binding-critical.
PDL1_final_candidate,imgt,Asp isomerization motif,DS,62,63,FR3,False,low,"DG, DS, and DT motifs may carry Asp isomerization risk depending on local flexibility.",Review structural context; avoid changing binding-critical residues without re-evaluation.
PDL1_final_candidate,imgt,Asp isomerization motif,DT,73,74,FR3,False,low,"DG, DS, and DT motifs may carry Asp isomerization risk depending on local flexibility.",Review structural context; avoid changing binding-critical residues without re-evaluation.
PDL1_final_candidate,imgt,Asp isomerization motif,DT,90,91,FR3,False,low,"DG, DS, and DT motifs may carry Asp isomerization risk depending on local flexibility.",Review structural context; avoid changing binding-critical residues without re-evaluation.
PDL1_final_candidate,imgt,Oxidation-prone residue,W,36,36,FR2,False,low,"Met and Trp can be oxidation-prone, especially when solvent-exposed or located in CDRs.",Review solvent exposure; consider conservative substitution only if not important for binding.
PDL1_final_candidate,imgt,Oxidation-prone residue,W,47,47,FR2,False,low,"Met and Trp can be oxidation-prone, especially when solvent-exposed or located in CDRs.",Review solvent exposure; consider conservative substitution only if not important for binding.
PDL1_final_candidate,imgt,Oxidation-prone residue,M,83,83,FR3,False,low,"Met and Trp can be oxidation-prone, especially when solvent-exposed or located in CDRs.",Review solvent exposure; consider conservative substitution only if not important for binding.
PDL1_final_candidate,imgt,Oxidation-prone residue,W,106,106,FR4,False,low,"Met and Trp can be oxidation-prone, especially when solvent-exposed or located in CDRs.",Review solvent exposure; consider conservative substitution only if not important for binding.
PDL1_final_candidate,imgt,Cysteine for disulfide/free-Cys review,C,22,22,FR1,False,review,Cysteines should be checked for expected antibody disulfide pairing or potential free-Cys liability.,Confirm whether this cysteine is canonical/disulfide-paired; avoid unpaired cysteines in final candidates.
PDL1_final_candidate,imgt,Cysteine for disulfide/free-Cys review,C,96,96,FR3,False,review,Cysteines should be checked for expected antibody disulfide pairing or potential free-Cys liability.,Confirm whether this cysteine is canonical/disulfide-paired; avoid unpaired cysteines in final candidates.
