variant_id,parent_record,variant_type,mutations,num_mutations,rationale,risk_note,sequence
PDL1_final_candidate_V01_D62E,PDL1_final_candidate,single_mutation,D62E,1,D->E to reduce Asp isomerization motif risk while preserving negative charge,Requires structure review if the Asp is involved in binding or loop conformation.,EVQLVESGGGLVQPGGSLRLSCAASGFDFRATYIHWVRQAPGKGLEWVARIHPATGETRYAESVKGRFTISADTSKNTAYLQMNSLRAEDTAVYYCSRNPLRNSVWGQGTLVTVSS
PDL1_final_candidate_V02_D73E,PDL1_final_candidate,single_mutation,D73E,1,D->E to reduce Asp isomerization motif risk while preserving negative charge,Requires structure review if the Asp is involved in binding or loop conformation.,EVQLVESGGGLVQPGGSLRLSCAASGFDFRATYIHWVRQAPGKGLEWVARIHPATGETRYADSVKGRFTISAETSKNTAYLQMNSLRAEDTAVYYCSRNPLRNSVWGQGTLVTVSS
PDL1_final_candidate_V03_N77Q,PDL1_final_candidate,single_mutation,N77Q,1,N->Q to reduce Asn deamidation motif risk,Requires structure review if the Asn is in CDR or antigen-contacting region.,EVQLVESGGGLVQPGGSLRLSCAASGFDFRATYIHWVRQAPGKGLEWVARIHPATGETRYADSVKGRFTISADTSKQTAYLQMNSLRAEDTAVYYCSRNPLRNSVWGQGTLVTVSS
PDL1_final_candidate_V04_N84Q,PDL1_final_candidate,single_mutation,N84Q,1,N->Q to reduce Asn deamidation motif risk,Requires structure review if the Asn is in CDR or antigen-contacting region.,EVQLVESGGGLVQPGGSLRLSCAASGFDFRATYIHWVRQAPGKGLEWVARIHPATGETRYADSVKGRFTISADTSKNTAYLQMQSLRAEDTAVYYCSRNPLRNSVWGQGTLVTVSS
PDL1_final_candidate_V05_D90E,PDL1_final_candidate,single_mutation,D90E,1,D->E to reduce Asp isomerization motif risk while preserving negative charge,Requires structure review if the Asp is involved in binding or loop conformation.,EVQLVESGGGLVQPGGSLRLSCAASGFDFRATYIHWVRQAPGKGLEWVARIHPATGETRYADSVKGRFTISADTSKNTAYLQMNSLRAEETAVYYCSRNPLRNSVWGQGTLVTVSS
PDL1_final_candidate_V06_W36F,PDL1_final_candidate,single_mutation,W36F,1,W->F to reduce oxidation risk outside CDR,Tryptophan can be structurally important; treat as lower-priority review mutation.,EVQLVESGGGLVQPGGSLRLSCAASGFDFRATYIHFVRQAPGKGLEWVARIHPATGETRYADSVKGRFTISADTSKNTAYLQMNSLRAEDTAVYYCSRNPLRNSVWGQGTLVTVSS
PDL1_final_candidate_V07_W47F,PDL1_final_candidate,single_mutation,W47F,1,W->F to reduce oxidation risk outside CDR,Tryptophan can be structurally important; treat as lower-priority review mutation.,EVQLVESGGGLVQPGGSLRLSCAASGFDFRATYIHWVRQAPGKGLEFVARIHPATGETRYADSVKGRFTISADTSKNTAYLQMNSLRAEDTAVYYCSRNPLRNSVWGQGTLVTVSS
PDL1_final_candidate_V08_M83L,PDL1_final_candidate,single_mutation,M83L,1,M->L to reduce oxidation risk outside CDR,Check structural packing; Met may contribute to local stability.,EVQLVESGGGLVQPGGSLRLSCAASGFDFRATYIHWVRQAPGKGLEWVARIHPATGETRYADSVKGRFTISADTSKNTAYLQLNSLRAEDTAVYYCSRNPLRNSVWGQGTLVTVSS
PDL1_final_candidate_V09_W106F,PDL1_final_candidate,single_mutation,W106F,1,W->F to reduce oxidation risk outside CDR,Tryptophan can be structurally important; treat as lower-priority review mutation.,EVQLVESGGGLVQPGGSLRLSCAASGFDFRATYIHWVRQAPGKGLEWVARIHPATGETRYADSVKGRFTISADTSKNTAYLQMNSLRAEDTAVYYCSRNPLRNSVFGQGTLVTVSS
PDL1_final_candidate_V10_N103Q,PDL1_final_candidate,single_mutation,N103Q,1,N->Q to reduce Asn deamidation motif risk,Requires structure review if the Asn is in CDR or antigen-contacting region.,EVQLVESGGGLVQPGGSLRLSCAASGFDFRATYIHWVRQAPGKGLEWVARIHPATGETRYADSVKGRFTISADTSKNTAYLQMNSLRAEDTAVYYCSRNPLRQSVWGQGTLVTVSS
PDL1_final_candidate_V99_combined_conservative,PDL1_final_candidate,combined_conservative,D62E;D73E;N77Q;N84Q;D90E,5,"Combined conservative variant containing multiple non-CDR liability-reducing mutations. This variant is intended for structural re-evaluation, not direct experimental nomination.","Because multiple mutations are combined, this variant requires RF2/Boltz/ProteinMPNN or equivalent structural review before prioritization.",EVQLVESGGGLVQPGGSLRLSCAASGFDFRATYIHWVRQAPGKGLEWVARIHPATGETRYAESVKGRFTISAETSKQTAYLQMQSLRAEETAVYYCSRNPLRNSVWGQGTLVTVSS
