variant_id,scheme,sequence_length,molecular_weight_Da,pI,net_charge_pH_7_4,whole_sequence_hydrophobic_fraction,whole_sequence_aromatic_fraction,whole_sequence_basic_fraction,whole_sequence_strongly_basic_fraction,whole_sequence_acidic_fraction,whole_sequence_polar_fraction,cdr_total_length,cdr1_length,cdr2_length,cdr3_length,cdr_hydrophobic_fraction,cdr_aromatic_fraction,cdr_basic_fraction,cdr_acidic_fraction,framework_hydrophobic_fraction,framework_aromatic_fraction,cysteine_count,methionine_count,tryptophan_count,total_liability_flags,cdr_liability_flags,high_liability_flags,medium_liability_flags,low_liability_flags,review_liability_flags,n_glycosylation_flags,deamidation_flags,asp_isomerization_flags,oxidation_flags,cysteine_review_flags,polybasic_patch_flags,hydrophobic_patch_flags,cdr_n_glycosylation_flags,cdr_deamidation_flags,cdr_oxidation_flags,cdr_hydrophobic_patch_flags,simple_developability_risk_score
PDL1_final_candidate_WT,imgt,116,12597.95,9.106,2.853,0.388,0.095,0.121,0.103,0.078,0.259,25,8,8,9,0.32,0.12,0.16,0.08,0.407,0.088,2,1,3,12,1,0,1,9,2,0,3,3,4,2,0,0,0,1,0,0,15.0
PDL1_final_candidate_V01_D62E,imgt,116,12611.98,9.106,2.853,0.388,0.095,0.121,0.103,0.078,0.259,25,8,8,9,0.32,0.12,0.16,0.08,0.407,0.088,2,1,3,11,1,0,1,8,2,0,3,2,4,2,0,0,0,1,0,0,14.0
PDL1_final_candidate_V02_D73E,imgt,116,12611.98,9.106,2.853,0.388,0.095,0.121,0.103,0.078,0.259,25,8,8,9,0.32,0.12,0.16,0.08,0.407,0.088,2,1,3,11,1,0,1,8,2,0,3,2,4,2,0,0,0,1,0,0,14.0
PDL1_final_candidate_V03_N77Q,imgt,116,12611.98,9.106,2.853,0.388,0.095,0.121,0.103,0.078,0.259,25,8,8,9,0.32,0.12,0.16,0.08,0.407,0.088,2,1,3,11,1,0,1,8,2,0,2,3,4,2,0,0,0,1,0,0,14.0
PDL1_final_candidate_V04_N84Q,imgt,116,12611.98,9.106,2.853,0.388,0.095,0.121,0.103,0.078,0.259,25,8,8,9,0.32,0.12,0.16,0.08,0.407,0.088,2,1,3,11,1,0,1,8,2,0,2,3,4,2,0,0,0,1,0,0,14.0
PDL1_final_candidate_V05_D90E,imgt,116,12611.98,9.106,2.853,0.388,0.095,0.121,0.103,0.078,0.259,25,8,8,9,0.32,0.12,0.16,0.08,0.407,0.088,2,1,3,11,1,0,1,8,2,0,3,2,4,2,0,0,0,1,0,0,14.0
PDL1_final_candidate_V06_W36F,imgt,116,12558.92,9.106,2.853,0.388,0.095,0.121,0.103,0.078,0.259,25,8,8,9,0.32,0.12,0.16,0.08,0.407,0.088,2,1,2,11,1,0,1,8,2,0,3,3,3,2,0,0,0,1,0,0,14.0
PDL1_final_candidate_V07_W47F,imgt,116,12558.92,9.106,2.853,0.388,0.095,0.121,0.103,0.078,0.259,25,8,8,9,0.32,0.12,0.16,0.08,0.407,0.088,2,1,2,11,1,0,1,8,2,0,3,3,3,2,0,0,0,1,0,0,14.0
PDL1_final_candidate_V08_M83L,imgt,116,12579.92,9.106,2.853,0.388,0.095,0.121,0.103,0.078,0.259,25,8,8,9,0.32,0.12,0.16,0.08,0.407,0.088,2,0,3,11,1,0,1,8,2,0,3,3,3,2,0,0,0,1,0,0,14.0
PDL1_final_candidate_V09_W106F,imgt,116,12558.92,9.106,2.853,0.388,0.095,0.121,0.103,0.078,0.259,25,8,8,9,0.32,0.12,0.16,0.08,0.407,0.088,2,1,2,11,1,0,1,8,2,0,3,3,3,2,0,0,0,1,0,0,14.0
PDL1_final_candidate_V10_N103Q,imgt,116,12611.98,9.106,2.853,0.388,0.095,0.121,0.103,0.078,0.259,25,8,8,9,0.32,0.12,0.16,0.08,0.407,0.088,2,1,3,11,0,0,0,9,2,0,2,3,4,2,0,0,0,0,0,0,11.0
PDL1_final_candidate_V99_combined_conservative,imgt,116,12668.09,9.106,2.854,0.388,0.095,0.121,0.103,0.078,0.259,25,8,8,9,0.32,0.12,0.16,0.08,0.407,0.088,2,1,3,7,1,0,1,4,2,0,1,0,4,2,0,0,0,1,0,0,10.0
